Filename,Plot,Row Numbers,Filter Type,Genotype,Image,Light Value,Average Saturation,Reference Rep,ExG,ExG2,RGB,NGR,GLI,MGR,VARI,VEG,Woebbecke (no abs),Woebbecke (abs)
190830_djifc6310s_Aug30_NW2_row_2_range_4_rep_10_isref_0.tif,190830_djifc6310s_Aug30_NW2_row_2_range_4,2281 and 2282,ExG 131,Check,DJI_0136.JPG,11.95455985,30.04248789,0,0.1399604891,0.1131409984,0.1659542517,0.04597331292,0.08221832801,0.09155247047,0.07708262619,1.155343664,3.039314187,3.826587126
190830_djifc6310s_Aug30_NW2_row_2_range_4_rep_10_isref_0.tif,190830_djifc6310s_Aug30_NW2_row_2_range_4,2281 and 2282,Otsu pre,Check,DJI_0136.JPG,11.95455985,32.52265871,0,0.15634009,0.1271229092,0.1856693373,0.05522619382,0.09219850815,0.1099587922,0.09232436941,1.177616506,2.578196777,2.585031367
190830_djifc6310s_Aug30_NW2_row_2_range_4_rep_10_isref_0.tif,190830_djifc6310s_Aug30_NW2_row_2_range_4,2281 and 2282,Otsu post,Check,DJI_0136.JPG,11.95455985,33.07341164,0,0.1598141302,0.1304033557,0.1902425811,0.05742682318,0.09452663559,0.1143301761,0.09589575841,1.182927778,2.434348506,2.438707767
190830_djifc6310s_Aug30_NW2_row_2_range_4_rep_10_isref_0.tif,190830_djifc6310s_Aug30_NW2_row_2_range_4,2281 and 2282,Custom,Check,DJI_0136.JPG,11.95455985,30.29851089,0,0.1426592168,0.1149116417,0.1683921522,0.04743372223,0.08347911784,0.09445921784,0.07951002441,1.158349455,2.914484168,3.546209534
190830_djifc6310s_Aug30_NW2_row_2_range_4_rep_1_isref_0.tif,190830_djifc6310s_Aug30_NW2_row_2_range_4,2281 and 2282,ExG 131,Check,DJI_0085.JPG,11.61470984,34.11055571,0,0.1641081904,0.1317900519,0.1915801506,0.0569902145,0.09522475312,0.1133075565,0.09401168066,1.185933854,2.591096396,3.159502738
190830_djifc6310s_Aug30_NW2_row_2_range_4_rep_1_isref_0.tif,190830_djifc6310s_Aug30_NW2_row_2_range_4,2281 and 2282,Otsu pre,Check,DJI_0085.JPG,11.61470984,38.27882042,0,0.188631036,0.154019123,0.2225880447,0.07024860396,0.1109359605,0.1395965411,0.1149107638,1.221231209,2.183220883,2.184268603
190830_djifc6310s_Aug30_NW2_row_2_range_4_rep_1_isref_0.tif,190830_djifc6310s_Aug30_NW2_row_2_range_4,2281 and 2282,Otsu post,Check,DJI_0085.JPG,11.61470984,38.66915775,0,0.190705438,0.1561318562,0.2254901421,0.07148720805,0.1124151057,0.1420444927,0.1168026387,1.224646195,2.141229233,2.142189907
190830_djifc6310s_Aug30_NW2_row_2_range_4_rep_1_isref_0.tif,190830_djifc6310s_Aug30_NW2_row_2_range_4,2281 and 2282,Custom,Check,DJI_0085.JPG,11.61470984,34.18329841,0,0.1655954762,0.1326623542,0.1927158278,0.05789772728,0.09583736799,0.1151116939,0.09549690695,1.187564541,2.577045569,3.002634469
190830_djifc6310s_Aug30_NW2_row_2_range_4_rep_2_isref_0.tif,190830_djifc6310s_Aug30_NW2_row_2_range_4,2281 and 2282,ExG 131,Check,DJI_0128.JPG,11.95455985,32.69883348,0,0.1483796242,0.1231205868,0.1799848698,0.04869054182,0.08916299722,0.09684233647,0.08003831076,1.169707613,3.371076728,4.748950746
190830_djifc6310s_Aug30_NW2_row_2_range_4_rep_2_isref_0.tif,190830_djifc6310s_Aug30_NW2_row_2_range_4,2281 and 2282,Otsu pre,Check,DJI_0128.JPG,11.95455985,38.15316328,0,0.1838749072,0.1537487497,0.2225890325,0.06910605118,0.1108590681,0.1373738242,0.1129783154,1.219418579,2.266447625,2.266447625
190830_djifc6310s_Aug30_NW2_row_2_range_4_rep_2_isref_0.tif,190830_djifc6310s_Aug30_NW2_row_2_range_4,2281 and 2282,Otsu post,Check,DJI_0128.JPG,11.95455985,37.76879388,0,0.1814466897,0.1514623957,0.2194718074,0.06752513234,0.1092534844,0.1342432299,0.1104721735,1.215600252,2.376272497,2.376272497
190830_djifc6310s_Aug30_NW2_row_2_range_4_rep_2_isref_0.tif,190830_djifc6310s_Aug30_NW2_row_2_range_4,2281 and 2282,Custom,Check,DJI_0128.JPG,11.95455985,33.58290958,0,0.1552598234,0.1282100829,0.1870693949,0.05224375116,0.09277794525,0.1039047799,0.08582782038,1.178009101,3.03492562,4.093229297
190830_djifc6310s_Aug30_NW2_row_2_range_4_rep_3_isref_0.tif,190830_djifc6310s_Aug30_NW2_row_2_range_4,2281 and 2282,ExG 131,Check,DJI_0129.JPG,11.95455985,34.12517493,0,0.1491449369,0.1247178268,0.183221355,0.0460643335,0.09038556345,0.0917276052,0.07525162543,1.169427412,2.608498474,4.493355546
190830_djifc6310s_Aug30_NW2_row_2_range_4_rep_3_isref_0.tif,190830_djifc6310s_Aug30_NW2_row_2_range_4,2281 and 2282,Otsu pre,Check,DJI_0129.JPG,11.95455985,37.46306348,0,0.1718580229,0.1444203434,0.2107339326,0.05940590546,0.104384205,0.1182746801,0.09682807761,1.201221488,2.614505984,2.621726172
190830_djifc6310s_Aug30_NW2_row_2_range_4_rep_3_isref_0.tif,190830_djifc6310s_Aug30_NW2_row_2_range_4,2281 and 2282,Otsu post,Check,DJI_0129.JPG,11.95455985,37.64380528,0,0.1730043123,0.1454904084,0.21220191,0.06013723293,0.1051379972,0.1197266567,0.09798566512,1.202985024,2.567367559,2.567367559
190830_djifc6310s_Aug30_NW2_row_2_range_4_rep_3_isref_0.tif,190830_djifc6310s_Aug30_NW2_row_2_range_4,2281 and 2282,Custom,Check,DJI_0129.JPG,11.95455985,34.72844207,0,0.1547447834,0.1288493691,0.1889324898,0.04920279716,0.09332380904,0.09797754053,0.08036772717,1.176271293,2.692942762,3.948639821
190830_djifc6310s_Aug30_NW2_row_2_range_4_rep_4_isref_1.tif,190830_djifc6310s_Aug30_NW2_row_2_range_4,2281 and 2282,ExG 131,Check,DJI_0130.JPG,11.95455985,35.84953235,1,0.1618891986,0.1357336707,0.1976297342,0.05547566411,0.09797046804,0.1098848716,0.09043155686,1.189610466,2.802003997,3.693695627
190830_djifc6310s_Aug30_NW2_row_2_range_4_rep_4_isref_1.tif,190830_djifc6310s_Aug30_NW2_row_2_range_4,2281 and 2282,Otsu pre,Check,DJI_0130.JPG,11.95455985,38.48231828,1,0.1798823115,0.1511769823,0.2190389105,0.06577587864,0.1088959946,0.1302808382,0.1068409211,1.214778208,2.391079908,2.394958292
190830_djifc6310s_Aug30_NW2_row_2_range_4_rep_4_isref_1.tif,190830_djifc6310s_Aug30_NW2_row_2_range_4,2281 and 2282,Otsu post,Check,DJI_0130.JPG,11.95455985,38.181257,1,0.1780991758,0.1494905944,0.2167143967,0.0647023538,0.1077105497,0.1281651984,0.1051581521,1.21203008,2.438906719,2.447133274
190830_djifc6310s_Aug30_NW2_row_2_range_4_rep_4_isref_1.tif,190830_djifc6310s_Aug30_NW2_row_2_range_4,2281 and 2282,Custom,Check,DJI_0130.JPG,11.95455985,36.12761217,1,0.1650901686,0.1377122328,0.2002832698,0.05745883588,0.0993639796,0.1138080632,0.09382640027,1.193303674,2.711572843,3.330042677
190830_djifc6310s_Aug30_NW2_row_2_range_4_rep_5_isref_0.tif,190830_djifc6310s_Aug30_NW2_row_2_range_4,2281 and 2282,ExG 131,Check,DJI_0131.JPG,11.61470984,35.22852917,0,0.166523715,0.131807515,0.1921432828,0.05398748613,0.09525440681,0.1073812081,0.0883880665,1.183893952,2.703697238,3.576071754
190830_djifc6310s_Aug30_NW2_row_2_range_4_rep_5_isref_0.tif,190830_djifc6310s_Aug30_NW2_row_2_range_4,2281 and 2282,Otsu pre,Check,DJI_0131.JPG,11.61470984,38.11833697,0,0.1867004872,0.1484455945,0.2153091645,0.06482474381,0.1070438582,0.1289085668,0.1057863066,1.210693538,2.368503081,2.370632546
190830_djifc6310s_Aug30_NW2_row_2_range_4_rep_5_isref_0.tif,190830_djifc6310s_Aug30_NW2_row_2_range_4,2281 and 2282,Otsu post,Check,DJI_0131.JPG,11.61470984,38.23311,0,0.1874041915,0.1491217729,0.2162467659,0.06522483663,0.1075199499,0.1297014074,0.1064080693,1.211773864,2.352188307,2.354065329
190830_djifc6310s_Aug30_NW2_row_2_range_4_rep_5_isref_0.tif,190830_djifc6310s_Aug30_NW2_row_2_range_4,2281 and 2282,Custom,Check,DJI_0131.JPG,11.61470984,35.28987242,0,0.1686714114,0.1328287487,0.1934050376,0.05525052659,0.09596687501,0.1098931162,0.09044008293,1.185932139,2.669762513,3.321202531
190830_djifc6310s_Aug30_NW2_row_2_range_4_rep_6_isref_0.tif,190830_djifc6310s_Aug30_NW2_row_2_range_4,2281 and 2282,ExG 131,Check,DJI_0132.JPG,11.61470984,36.66680885,0,0.1727741858,0.142288809,0.2060793913,0.06093484146,0.1025119703,0.1210242474,0.09905338043,1.201844922,2.648900182,3.328098251
190830_djifc6310s_Aug30_NW2_row_2_range_4_rep_6_isref_0.tif,190830_djifc6310s_Aug30_NW2_row_2_range_4,2281 and 2282,Otsu pre,Check,DJI_0132.JPG,11.61470984,40.28109285,0,0.1956071806,0.1623086893,0.2337618859,0.07362898475,0.1166292265,0.1461831879,0.1191277414,1.234268546,2.198827273,2.199114453
190830_djifc6310s_Aug30_NW2_row_2_range_4_rep_6_isref_0.tif,190830_djifc6310s_Aug30_NW2_row_2_range_4,2281 and 2282,Otsu post,Check,DJI_0132.JPG,11.61470984,40.8245426,0,0.1983602397,0.1651054756,0.2375929339,0.07519282711,0.1185822758,0.1492693501,0.12146858,1.238766408,2.149743854,2.150043996
190830_djifc6310s_Aug30_NW2_row_2_range_4_rep_6_isref_0.tif,190830_djifc6310s_Aug30_NW2_row_2_range_4,2281 and 2282,Custom,Check,DJI_0132.JPG,11.61470984,36.82683357,0,0.1752708147,0.1437725474,0.2080039098,0.06238128324,0.1035495334,0.1238959345,0.101385726,1.204580838,2.5717409,3.071761958
190830_djifc6310s_Aug30_NW2_row_2_range_4_rep_7_isref_0.tif,190830_djifc6310s_Aug30_NW2_row_2_range_4,2281 and 2282,ExG 131,Check,DJI_0133.JPG,11.61470984,35.96864903,0,0.1688830228,0.1365389754,0.1988366977,0.05608912255,0.09858606868,0.1115522681,0.09142215977,1.190977155,2.76229333,3.44448656
190830_djifc6310s_Aug30_NW2_row_2_range_4_rep_7_isref_0.tif,190830_djifc6310s_Aug30_NW2_row_2_range_4,2281 and 2282,Otsu pre,Check,DJI_0133.JPG,11.61470984,39.46522491,0,0.1903025133,0.1550140654,0.2246208101,0.06736832323,0.1116468558,0.1339417698,0.1092688906,1.220439505,2.32514671,2.32514671
190830_djifc6310s_Aug30_NW2_row_2_range_4_rep_7_isref_0.tif,190830_djifc6310s_Aug30_NW2_row_2_range_4,2281 and 2282,Otsu post,Check,DJI_0133.JPG,11.61470984,40.04885447,0,0.1931704948,0.1578669689,0.228579769,0.06884469892,0.1136458046,0.13686166,0.1114581601,1.224911991,2.282587256,2.282587256
190830_djifc6310s_Aug30_NW2_row_2_range_4_rep_7_isref_0.tif,190830_djifc6310s_Aug30_NW2_row_2_range_4,2281 and 2282,Custom,Check,DJI_0133.JPG,11.61470984,36.11253636,0,0.1706782214,0.1376095375,0.2002592956,0.05706882685,0.09933754034,0.1134999584,0.09300809717,1.192901684,2.726244289,3.24422099
190830_djifc6310s_Aug30_NW2_row_2_range_4_rep_8_isref_0.tif,190830_djifc6310s_Aug30_NW2_row_2_range_4,2281 and 2282,ExG 131,Check,DJI_0134.JPG,11.61470984,34.92691571,0,0.1642379048,0.127894233,0.1870905999,0.04963836012,0.09252667832,0.09879098737,0.0809804868,1.176100963,2.902516335,3.980052176
190830_djifc6310s_Aug30_NW2_row_2_range_4_rep_8_isref_0.tif,190830_djifc6310s_Aug30_NW2_row_2_range_4,2281 and 2282,Otsu pre,Check,DJI_0134.JPG,11.61470984,38.00475259,0,0.1853566483,0.1448498878,0.2108374504,0.06046250142,0.1045562951,0.120312267,0.09836495607,1.203190364,2.551868847,2.554867997
190830_djifc6310s_Aug30_NW2_row_2_range_4_rep_8_isref_0.tif,190830_djifc6310s_Aug30_NW2_row_2_range_4,2281 and 2282,Otsu post,Check,DJI_0134.JPG,11.61470984,38.29325582,0,0.1869766706,0.1463842429,0.2129826901,0.06132007485,0.1056378101,0.1220133183,0.09968856109,1.205603274,2.51194417,2.512146066
190830_djifc6310s_Aug30_NW2_row_2_range_4_rep_8_isref_0.tif,190830_djifc6310s_Aug30_NW2_row_2_range_4,2281 and 2282,Custom,Check,DJI_0134.JPG,11.61470984,35.16420729,0,0.1671214094,0.1295617181,0.1893192123,0.05113694951,0.09370273322,0.1017731901,0.08340831182,1.179046575,2.833255051,3.677345432
190830_djifc6310s_Aug30_NW2_row_2_range_4_rep_9_isref_0.tif,190830_djifc6310s_Aug30_NW2_row_2_range_4,2281 and 2282,ExG 131,Check,DJI_0135.JPG,11.95455985,33.27493662,0,0.1483324823,0.1195672381,0.1762989843,0.04234990121,0.08679207219,0.08439122888,0.06936815751,1.160577177,2.463481955,4.747266762
190830_djifc6310s_Aug30_NW2_row_2_range_4_rep_9_isref_0.tif,190830_djifc6310s_Aug30_NW2_row_2_range_4,2281 and 2282,Otsu pre,Check,DJI_0135.JPG,11.95455985,36.55127868,0,0.1703188744,0.1382513304,0.2025858306,0.05470131994,0.1000971691,0.1089890324,0.08942030444,1.190394726,2.746162102,2.746640328
190830_djifc6310s_Aug30_NW2_row_2_range_4_rep_9_isref_0.tif,190830_djifc6310s_Aug30_NW2_row_2_range_4,2281 and 2282,Otsu post,Check,DJI_0135.JPG,11.95455985,36.75818274,0,0.1715150042,0.1394042681,0.2041869049,0.05544396619,0.1009121148,0.110465361,0.09059490605,1.192251706,2.687248429,2.687248429
190830_djifc6310s_Aug30_NW2_row_2_range_4_rep_9_isref_0.tif,190830_djifc6310s_Aug30_NW2_row_2_range_4,2281 and 2282,Custom,Check,DJI_0135.JPG,11.95455985,33.75823216,0,0.1525412459,0.122743572,0.1807456684,0.04467535092,0.08905953045,0.08902650729,0.07318649418,1.1657467,2.744556603,4.311918152
190830_djifc6310s_Aug30_NW2_row_2_range_5_rep_1_isref_0.tif,190830_djifc6310s_Aug30_NW2_row_2_range_5,2181 and 2182,ExG 131,NC268,DJI_0085.JPG,11.61470984,28.60097908,0,0.1337520042,0.09982723965,0.1480401329,0.03552781455,0.07283093025,0.07087055051,0.06015038586,1.132553927,2.942911402,4.495347575
190830_djifc6310s_Aug30_NW2_row_2_range_5_rep_1_isref_0.tif,190830_djifc6310s_Aug30_NW2_row_2_range_5,2181 and 2182,Otsu pre,NC268,DJI_0085.JPG,11.61470984,30.64634069,0,0.1515006395,0.1119125645,0.1651129191,0.0440548917,0.08149322556,0.08787125709,0.07435352903,1.151899196,2.905988831,2.952688266
190830_djifc6310s_Aug30_NW2_row_2_range_5_rep_1_isref_0.tif,190830_djifc6310s_Aug30_NW2_row_2_range_5,2181 and 2182,Otsu post,NC268,DJI_0085.JPG,11.61470984,30.54373237,0,0.1502309265,0.1111004119,0.1640054237,0.04329990075,0.08091429054,0.0863664742,0.07308168643,1.150472089,3.008408528,3.054892413
190830_djifc6310s_Aug30_NW2_row_2_range_5_rep_1_isref_0.tif,190830_djifc6310s_Aug30_NW2_row_2_range_5,2181 and 2182,Custom,NC268,DJI_0085.JPG,11.61470984,28.67029526,0,0.1378562125,0.101677246,0.1504543734,0.03773621868,0.07414965003,0.07527587336,0.06386420943,1.136068923,3.051980526,4.008923062
190830_djifc6310s_Aug30_NW2_row_2_range_5_rep_2_isref_0.tif,190830_djifc6310s_Aug30_NW2_row_2_range_5,2181 and 2182,ExG 131,NC268,DJI_0086.JPG,11.95455985,29.56112833,0,0.1352341663,0.1040760097,0.1542790854,0.03661563468,0.07584338855,0.07303855698,0.06148570189,1.138337048,3.287291112,4.44426189
190830_djifc6310s_Aug30_NW2_row_2_range_5_rep_2_isref_0.tif,190830_djifc6310s_Aug30_NW2_row_2_range_5,2181 and 2182,Otsu pre,NC268,DJI_0086.JPG,11.95455985,31.31856915,0,0.1501390439,0.1144624537,0.1689498912,0.04380177672,0.08328113997,0.08736648772,0.07339032627,1.154898936,3.03804272,3.064618451
190830_djifc6310s_Aug30_NW2_row_2_range_5_rep_2_isref_0.tif,190830_djifc6310s_Aug30_NW2_row_2_range_5,2181 and 2182,Otsu post,NC268,DJI_0086.JPG,11.95455985,31.44827659,0,0.1509784123,0.115108695,0.1698699356,0.04416456262,0.08374252552,0.0880890824,0.0739700861,1.15588416,2.996711663,3.017488666
190830_djifc6310s_Aug30_NW2_row_2_range_5_rep_2_isref_0.tif,190830_djifc6310s_Aug30_NW2_row_2_range_5,2181 and 2182,Custom,NC268,DJI_0086.JPG,11.95455985,29.62682305,0,0.1396045372,0.1060070574,0.1567759687,0.03887649903,0.07721764172,0.07754789245,0.06525180528,1.141976621,3.331057188,3.951695005
190830_djifc6310s_Aug30_NW2_row_2_range_5_rep_3_isref_0.tif,190830_djifc6310s_Aug30_NW2_row_2_range_5,2181 and 2182,ExG 131,NC268,DJI_0087.JPG,11.95455985,29.00967042,0,0.1286501232,0.1003850176,0.1492948279,0.03315719313,0.07323960241,0.06615544869,0.05572944779,1.131674062,3.296740554,5.004124957
190830_djifc6310s_Aug30_NW2_row_2_range_5_rep_3_isref_0.tif,190830_djifc6310s_Aug30_NW2_row_2_range_5,2181 and 2182,Otsu pre,NC268,DJI_0087.JPG,11.95455985,30.9476649,0,0.1463562546,0.1126020811,0.1664874513,0.04199446412,0.08199050622,0.08378004847,0.0704046771,1.151360184,3.103869414,3.157224767
190830_djifc6310s_Aug30_NW2_row_2_range_5_rep_3_isref_0.tif,190830_djifc6310s_Aug30_NW2_row_2_range_5,2181 and 2182,Otsu post,NC268,DJI_0087.JPG,11.95455985,30.82061679,0,0.1449933229,0.1116523353,0.1651804351,0.04118380319,0.08131354079,0.08216406066,0.06905084512,1.149736146,3.22202748,3.274343805
190830_djifc6310s_Aug30_NW2_row_2_range_5_rep_3_isref_0.tif,190830_djifc6310s_Aug30_NW2_row_2_range_5,2181 and 2182,Custom,NC268,DJI_0087.JPG,11.95455985,29.18712912,0,0.1343842219,0.1032503538,0.153117511,0.03608455922,0.07528844742,0.07199586162,0.06061418905,1.13678028,3.42103464,4.371160274
190830_djifc6310s_Aug30_NW2_row_2_range_5_rep_4_isref_0.tif,190830_djifc6310s_Aug30_NW2_row_2_range_5,2181 and 2182,ExG 131,NC268,DJI_0088.JPG,11.95455985,28.54454701,0,0.129947723,0.1029053241,0.1521982281,0.03788204909,0.07501555625,0.07554173167,0.06394293169,1.137681353,3.402731997,4.421564047
190830_djifc6310s_Aug30_NW2_row_2_range_5_rep_4_isref_0.tif,190830_djifc6310s_Aug30_NW2_row_2_range_5,2181 and 2182,Otsu pre,NC268,DJI_0088.JPG,11.95455985,31.37332809,0,0.1513795341,0.1185072843,0.1743187916,0.04804825088,0.08617558156,0.09579391991,0.08071127999,1.16228498,2.719619017,2.759015916
190830_djifc6310s_Aug30_NW2_row_2_range_5_rep_4_isref_0.tif,190830_djifc6310s_Aug30_NW2_row_2_range_5,2181 and 2182,Otsu post,NC268,DJI_0088.JPG,11.95455985,31.63619788,0,0.1536608652,0.1201929064,0.1766545493,0.04929824376,0.08737360344,0.09828174746,0.08276168274,1.16507266,2.637882086,2.647761354
190830_djifc6310s_Aug30_NW2_row_2_range_5_rep_4_isref_0.tif,190830_djifc6310s_Aug30_NW2_row_2_range_5,2181 and 2182,Custom,NC268,DJI_0088.JPG,11.95455985,28.86600524,0,0.1349432167,0.1054179416,0.1556323831,0.04009470127,0.0768073642,0.07995121195,0.06762927035,1.142004304,3.186342127,3.944470256
190830_djifc6310s_Aug30_NW2_row_2_range_5_rep_5_isref_0.tif,190830_djifc6310s_Aug30_NW2_row_2_range_5,2181 and 2182,ExG 131,NC268,DJI_0128.JPG,11.95455985,30.16784969,0,0.1413540321,0.1108387439,0.1633024972,0.04243650477,0.08063520579,0.08458212823,0.07106455753,1.150060973,3.277072746,4.115281875
190830_djifc6310s_Aug30_NW2_row_2_range_5_rep_5_isref_0.tif,190830_djifc6310s_Aug30_NW2_row_2_range_5,2181 and 2182,Otsu pre,NC268,DJI_0128.JPG,11.95455985,33.64008689,0,0.167904014,0.1300348528,0.1903341738,0.05508260841,0.09431745424,0.1097517493,0.09174991814,1.180664895,2.455678724,2.455678724
190830_djifc6310s_Aug30_NW2_row_2_range_5_rep_5_isref_0.tif,190830_djifc6310s_Aug30_NW2_row_2_range_5,2181 and 2182,Otsu post,NC268,DJI_0128.JPG,11.95455985,33.89438345,0,0.1697315833,0.1313778443,0.1922079677,0.05591030501,0.09526741379,0.1113954568,0.093061543,1.182806267,2.417903179,2.417903179
190830_djifc6310s_Aug30_NW2_row_2_range_5_rep_5_isref_0.tif,190830_djifc6310s_Aug30_NW2_row_2_range_5,2181 and 2182,Custom,NC268,DJI_0128.JPG,11.95455985,30.5825618,0,0.1464376148,0.1136859882,0.1672346322,0.04473426311,0.08266470835,0.08915907624,0.07487378944,1.154845517,3.104906582,3.669085112
190830_djifc6310s_Aug30_NW2_row_2_range_5_rep_6_isref_0.tif,190830_djifc6310s_Aug30_NW2_row_2_range_5,2181 and 2182,ExG 131,NC268,DJI_0129.JPG,11.95455985,30.74097819,0,0.135218672,0.1071175496,0.1590123489,0.03543449171,0.07801802156,0.07068072069,0.0588507694,1.141109435,3.443619035,5.024925377
190830_djifc6310s_Aug30_NW2_row_2_range_5_rep_6_isref_0.tif,190830_djifc6310s_Aug30_NW2_row_2_range_5,2181 and 2182,Otsu pre,NC268,DJI_0129.JPG,11.95455985,34.07313632,0,0.1633590424,0.1263370481,0.1860755188,0.04849548315,0.09173187548,0.09670996908,0.08023554848,1.171858248,2.821190253,2.824023672
190830_djifc6310s_Aug30_NW2_row_2_range_5_rep_6_isref_0.tif,190830_djifc6310s_Aug30_NW2_row_2_range_5,2181 and 2182,Otsu post,NC268,DJI_0129.JPG,11.95455985,33.73846365,0,0.1606127743,0.1244964707,0.1835046456,0.04728024626,0.09042659404,0.09429160028,0.07828131818,1.168893254,2.903830811,2.909182255
190830_djifc6310s_Aug30_NW2_row_2_range_5_rep_6_isref_0.tif,190830_djifc6310s_Aug30_NW2_row_2_range_5,2181 and 2182,Custom,NC268,DJI_0129.JPG,11.95455985,31.3201265,0,0.1428568695,0.1114083398,0.1649522657,0.03887041463,0.08108225449,0.0775325973,0.06452386347,1.14825199,3.424084663,4.332624028
190830_djifc6310s_Aug30_NW2_row_2_range_5_rep_7_isref_1.tif,190830_djifc6310s_Aug30_NW2_row_2_range_5,2181 and 2182,ExG 131,NC268,DJI_0130.JPG,11.95455985,31.49515267,1,0.1384981446,0.1093964,0.1622059915,0.03676040986,0.07954241508,0.0729401962,0.06012043404,1.144936335,3.03194637,5.184504014
190830_djifc6310s_Aug30_NW2_row_2_range_5_rep_7_isref_1.tif,190830_djifc6310s_Aug30_NW2_row_2_range_5,2181 and 2182,Otsu pre,NC268,DJI_0130.JPG,11.95455985,34.10297041,1,0.1625304953,0.1256146398,0.1848410504,0.04817842902,0.09109251458,0.09557839539,0.07832679113,1.171055538,2.963858977,2.966109562
190830_djifc6310s_Aug30_NW2_row_2_range_5_rep_7_isref_1.tif,190830_djifc6310s_Aug30_NW2_row_2_range_5,2181 and 2182,Otsu post,NC268,DJI_0130.JPG,11.95455985,34.40552778,1,0.1652572974,0.1274739581,0.1874080631,0.04951466136,0.09240753087,0.09821637191,0.08041809868,1.174110122,2.848801626,2.849769012
190830_djifc6310s_Aug30_NW2_row_2_range_5_rep_7_isref_1.tif,190830_djifc6310s_Aug30_NW2_row_2_range_5,2181 and 2182,Custom,NC268,DJI_0130.JPG,11.95455985,31.8698057,1,0.1465813235,0.1134722657,0.1676624128,0.04098755785,0.08243609745,0.08130767423,0.06711407282,1.152343867,3.222323044,4.31038189
190830_djifc6310s_Aug30_NW2_row_2_range_5_rep_8_isref_0.tif,190830_djifc6310s_Aug30_NW2_row_2_range_5,2181 and 2182,ExG 131,NC268,DJI_0131.JPG,11.61470984,30.39750633,0,0.1402633183,0.1046571869,0.1552526711,0.0354256989,0.07623321454,0.07064519503,0.05916206933,1.138419544,3.197934473,5.166389198
190830_djifc6310s_Aug30_NW2_row_2_range_5_rep_8_isref_0.tif,190830_djifc6310s_Aug30_NW2_row_2_range_5,2181 and 2182,Otsu pre,NC268,DJI_0131.JPG,11.61470984,33.66406778,0,0.1693681898,0.1234686887,0.1816891125,0.04866712206,0.08966380582,0.09703130362,0.08099307067,1.16877484,2.806748676,2.831181991
190830_djifc6310s_Aug30_NW2_row_2_range_5_rep_8_isref_0.tif,190830_djifc6310s_Aug30_NW2_row_2_range_5,2181 and 2182,Otsu post,NC268,DJI_0131.JPG,11.61470984,33.49515205,0,0.1681820344,0.1226707557,0.1805631133,0.04822061288,0.0890973299,0.09614325592,0.08029316877,1.167543519,2.821057279,2.845704871
190830_djifc6310s_Aug30_NW2_row_2_range_5_rep_8_isref_0.tif,190830_djifc6310s_Aug30_NW2_row_2_range_5,2181 and 2182,Custom,NC268,DJI_0131.JPG,11.61470984,30.60475361,0,0.1463774124,0.1072741475,0.1586915994,0.03828530259,0.0780918232,0.07634690908,0.06391507564,1.143268472,3.188763099,4.479218395
190830_djifc6310s_Aug30_NW2_row_2_range_5_rep_9_isref_0.tif,190830_djifc6310s_Aug30_NW2_row_2_range_5,2181 and 2182,ExG 131,NC268,DJI_0132.JPG,11.61470984,29.49357755,0,0.1363713943,0.1036868534,0.1536168922,0.0365868374,0.07555914849,0.07295669578,0.06148974265,1.137904438,3.504796863,4.991863356
190830_djifc6310s_Aug30_NW2_row_2_range_5_rep_9_isref_0.tif,190830_djifc6310s_Aug30_NW2_row_2_range_5,2181 and 2182,Otsu pre,NC268,DJI_0132.JPG,11.61470984,32.81191998,0,0.1652778647,0.1227358365,0.1804036279,0.05004608422,0.08916293376,0.09976919458,0.08377419363,1.168692455,2.674895272,2.677587775
190830_djifc6310s_Aug30_NW2_row_2_range_5_rep_9_isref_0.tif,190830_djifc6310s_Aug30_NW2_row_2_range_5,2181 and 2182,Otsu post,NC268,DJI_0132.JPG,11.61470984,32.61750212,0,0.1640151844,0.1218402095,0.1791344054,0.04956359494,0.08852688611,0.09881003951,0.08301906848,1.167320952,2.69001808,2.692650757
190830_djifc6310s_Aug30_NW2_row_2_range_5_rep_9_isref_0.tif,190830_djifc6310s_Aug30_NW2_row_2_range_5,2181 and 2182,Custom,NC268,DJI_0132.JPG,11.61470984,29.80740371,0,0.1428789678,0.1067315177,0.1577122448,0.03958560132,0.0777274015,0.07893422043,0.06650223599,1.143342156,3.36342875,4.283019547
190830_djifc6310s_Aug30_NW2_row_3_range_4_rep_10_isref_0.tif,190830_djifc6310s_Aug30_NW2_row_3_range_4,2279 and 2280,ExG 131,R168,DJI_0136.JPG,11.95455985,22.79478009,0,0.09203431571,0.0621032007,0.09438385863,0.009770847673,0.04580739631,0.01952748783,0.01710860985,1.072443002,2.734014158,8.860570611
190830_djifc6310s_Aug30_NW2_row_3_range_4_rep_10_isref_0.tif,190830_djifc6310s_Aug30_NW2_row_3_range_4,2279 and 2280,Otsu pre,R168,DJI_0136.JPG,11.95455985,22.79695692,0,0.09306163699,0.06274997708,0.09529650857,0.0104027503,0.04627902083,0.02079074938,0.01820742397,1.073540915,2.956057971,8.967598656
190830_djifc6310s_Aug30_NW2_row_3_range_4_rep_10_isref_0.tif,190830_djifc6310s_Aug30_NW2_row_3_range_4,2279 and 2280,Otsu post,R168,DJI_0136.JPG,11.95455985,22.21092289,0,0.08622400571,0.05852603758,0.0891376108,0.007396828848,0.04319568499,0.01478167704,0.01294440462,1.067029966,1.748220371,8.54156947
190830_djifc6310s_Aug30_NW2_row_3_range_4_rep_10_isref_0.tif,190830_djifc6310s_Aug30_NW2_row_3_range_4,2279 and 2280,Custom,R168,DJI_0136.JPG,11.95455985,22.59139953,0,0.09274135149,0.06162941295,0.09350848875,0.0104459056,0.04545421297,0.02087674197,0.01824314831,1.072334784,2.711177431,8.683015052
190830_djifc6310s_Aug30_NW2_row_3_range_4_rep_1_isref_0.tif,190830_djifc6310s_Aug30_NW2_row_3_range_4,2279 and 2280,ExG 131,R168,DJI_0085.JPG,11.61470984,23.18375966,0,0.09733540468,0.06528891139,0.09850353796,0.01567588264,0.04806229586,0.03131595244,0.02760073987,1.08003226,3.68096468,6.929109792
190830_djifc6310s_Aug30_NW2_row_3_range_4_rep_1_isref_0.tif,190830_djifc6310s_Aug30_NW2_row_3_range_4,2279 and 2280,Otsu pre,R168,DJI_0085.JPG,11.61470984,23.56642107,0,0.1008357579,0.0674625819,0.1016452388,0.0172063055,0.04964112748,0.03437357906,0.03023601714,1.08340796,3.781086337,6.918457353
190830_djifc6310s_Aug30_NW2_row_3_range_4_rep_1_isref_0.tif,190830_djifc6310s_Aug30_NW2_row_3_range_4,2279 and 2280,Otsu post,R168,DJI_0085.JPG,11.61470984,23.9250009,0,0.1029121983,0.06884090001,0.1036889711,0.01783979479,0.05064245799,0.03563870041,0.03131628755,1.085349417,3.488925551,6.754297207
190830_djifc6310s_Aug30_NW2_row_3_range_4_rep_1_isref_0.tif,190830_djifc6310s_Aug30_NW2_row_3_range_4,2279 and 2280,Custom,R168,DJI_0085.JPG,11.61470984,22.30104639,0,0.09427708908,0.0620778006,0.09350009234,0.01548378425,0.04570748992,0.03093251751,0.02724252219,1.076368388,3.538233635,6.658704051
190830_djifc6310s_Aug30_NW2_row_3_range_4_rep_2_isref_0.tif,190830_djifc6310s_Aug30_NW2_row_3_range_4,2279 and 2280,ExG 131,R168,DJI_0128.JPG,11.95455985,24.40867494,0,0.09644806147,0.06912726344,0.105197696,0.01016669615,0.05089197295,0.02031692719,0.01734663859,1.080667287,2.782809994,9.830773073
190830_djifc6310s_Aug30_NW2_row_3_range_4_rep_2_isref_0.tif,190830_djifc6310s_Aug30_NW2_row_3_range_4,2279 and 2280,Otsu pre,R168,DJI_0128.JPG,11.95455985,26.61208179,0,0.1162318559,0.08102729002,0.1224727507,0.01787086014,0.05951335286,0.03571374476,0.03042570399,1.098823697,6.100655408,6.711070944
190830_djifc6310s_Aug30_NW2_row_3_range_4_rep_2_isref_0.tif,190830_djifc6310s_Aug30_NW2_row_3_range_4,2279 and 2280,Otsu post,R168,DJI_0128.JPG,11.95455985,26.3625567,0,0.1135562354,0.07955702704,0.1203679087,0.01681510015,0.05845107362,0.03360399184,0.02864712382,1.096508773,4.886270549,7.269545077
190830_djifc6310s_Aug30_NW2_row_3_range_4_rep_2_isref_0.tif,190830_djifc6310s_Aug30_NW2_row_3_range_4,2279 and 2280,Custom,R168,DJI_0128.JPG,11.95455985,24.65181382,0,0.1012383153,0.07105973355,0.1078880812,0.01201504555,0.05228673236,0.02401094588,0.02048016338,1.083984908,3.084519123,9.444355848
190830_djifc6310s_Aug30_NW2_row_3_range_4_rep_3_isref_0.tif,190830_djifc6310s_Aug30_NW2_row_3_range_4,2279 and 2280,ExG 131,R168,DJI_0129.JPG,11.95455985,25.88966375,0,0.09803238341,0.06905784768,0.1055611382,0.007668986419,0.05083150205,0.01532620949,0.01294728729,1.079188302,1.289307041,9.862676401
190830_djifc6310s_Aug30_NW2_row_3_range_4_rep_3_isref_0.tif,190830_djifc6310s_Aug30_NW2_row_3_range_4,2279 and 2280,Otsu pre,R168,DJI_0129.JPG,11.95455985,27.2352581,0,0.1123842044,0.07749118934,0.1177981637,0.01329627762,0.0569472682,0.02657479811,0.02249930543,1.092110869,3.608487728,8.959658954
190830_djifc6310s_Aug30_NW2_row_3_range_4_rep_3_isref_0.tif,190830_djifc6310s_Aug30_NW2_row_3_range_4,2279 and 2280,Otsu post,R168,DJI_0129.JPG,11.95455985,27.69899841,0,0.1168156628,0.08003803673,0.1214691803,0.01504989678,0.05878899703,0.03007996676,0.0254594186,1.09607114,5.110709075,7.906412744
190830_djifc6310s_Aug30_NW2_row_3_range_4_rep_3_isref_0.tif,190830_djifc6310s_Aug30_NW2_row_3_range_4,2279 and 2280,Custom,R168,DJI_0129.JPG,11.95455985,25.99244511,0,0.1032770306,0.07065217128,0.1076053046,0.009978892512,0.05197493709,0.01994348767,0.01681679828,1.082394169,2.118145177,9.476835504
190830_djifc6310s_Aug30_NW2_row_3_range_4_rep_4_isref_1.tif,190830_djifc6310s_Aug30_NW2_row_3_range_4,2279 and 2280,ExG 131,R168,DJI_0130.JPG,11.95455985,27.54754136,1,0.1072942171,0.07366899016,0.1121273917,0.01161698608,0.05413945257,0.02321228994,0.01968928208,1.087026159,2.452548582,8.744922564
190830_djifc6310s_Aug30_NW2_row_3_range_4_rep_4_isref_1.tif,190830_djifc6310s_Aug30_NW2_row_3_range_4,2279 and 2280,Otsu pre,R168,DJI_0130.JPG,11.95455985,28.24518793,1,0.1154498318,0.07845980174,0.1190185795,0.01504819001,0.05761198908,0.03007009643,0.02550782489,1.094506923,3.425141445,8.602888976
190830_djifc6310s_Aug30_NW2_row_3_range_4_rep_4_isref_1.tif,190830_djifc6310s_Aug30_NW2_row_3_range_4,2279 and 2280,Otsu post,R168,DJI_0130.JPG,11.95455985,29.02253164,1,0.1225473864,0.08245529055,0.1247555493,0.01785367796,0.06049947307,0.03567661859,0.03024668941,1.100762584,5.00113673,7.151609515
190830_djifc6310s_Aug30_NW2_row_3_range_4_rep_4_isref_1.tif,190830_djifc6310s_Aug30_NW2_row_3_range_4,2279 and 2280,Custom,R168,DJI_0130.JPG,11.95455985,27.25965465,1,0.1101411219,0.07349723377,0.1114714128,0.01327697371,0.05400000643,0.02652990309,0.02243942675,1.087822352,2.99524269,8.38988596
190830_djifc6310s_Aug30_NW2_row_3_range_4_rep_5_isref_0.tif,190830_djifc6310s_Aug30_NW2_row_3_range_4,2279 and 2280,ExG 131,R168,DJI_0131.JPG,11.61470984,27.43102458,0,0.1122443856,0.07600915783,0.1146805018,0.0168564476,0.05573955282,0.03364681729,0.02866912477,1.093381522,2.777785485,7.352849759
190830_djifc6310s_Aug30_NW2_row_3_range_4_rep_5_isref_0.tif,190830_djifc6310s_Aug30_NW2_row_3_range_4,2279 and 2280,Otsu pre,R168,DJI_0131.JPG,11.61470984,30.06907774,0,0.1340051396,0.0896558662,0.1342997178,0.02589423002,0.06557879381,0.05168954946,0.04386587523,1.114581744,4.698922553,5.293512402
190830_djifc6310s_Aug30_NW2_row_3_range_4_rep_5_isref_0.tif,190830_djifc6310s_Aug30_NW2_row_3_range_4,2279 and 2280,Otsu post,R168,DJI_0131.JPG,11.61470984,30.859417,0,0.1394387331,0.0933336044,0.1396219962,0.0279397475,0.06821837082,0.05576936891,0.04723005281,1.120128447,4.620395376,4.981776603
190830_djifc6310s_Aug30_NW2_row_3_range_4_rep_5_isref_0.tif,190830_djifc6310s_Aug30_NW2_row_3_range_4,2279 and 2280,Custom,R168,DJI_0131.JPG,11.61470984,26.82669001,0,0.1120712183,0.07423046697,0.1116595041,0.0177403529,0.0544262617,0.03541230528,0.03009249053,1.09193842,2.812365303,7.075301414
190830_djifc6310s_Aug30_NW2_row_3_range_4_rep_6_isref_0.tif,190830_djifc6310s_Aug30_NW2_row_3_range_4,2279 and 2280,ExG 131,R168,DJI_0132.JPG,11.61470984,30.76105098,0,0.1369421272,0.1003337957,0.1479909263,0.03280422988,0.07282980588,0.06522962787,0.05376497593,1.133420637,2.886602705,5.837167561
190830_djifc6310s_Aug30_NW2_row_3_range_4_rep_6_isref_0.tif,190830_djifc6310s_Aug30_NW2_row_3_range_4,2279 and 2280,Otsu pre,R168,DJI_0132.JPG,11.61470984,37.47594126,0,0.1815849785,0.1356856445,0.1976753959,0.05412742878,0.09790315445,0.1075770296,0.08783252806,1.189274134,3.207241211,3.340769933
190830_djifc6310s_Aug30_NW2_row_3_range_4_rep_6_isref_0.tif,190830_djifc6310s_Aug30_NW2_row_3_range_4,2279 and 2280,Otsu post,R168,DJI_0132.JPG,11.61470984,36.73368875,0,0.1772260362,0.1318809753,0.192358024,0.05204954034,0.095224133,0.1034612383,0.08463696997,1.183295421,3.230960108,3.405502903
190830_djifc6310s_Aug30_NW2_row_3_range_4_rep_6_isref_0.tif,190830_djifc6310s_Aug30_NW2_row_3_range_4,2279 and 2280,Custom,R168,DJI_0132.JPG,11.61470984,30.33460078,0,0.137164343,0.09950773443,0.1464616006,0.03379534012,0.07220428572,0.06720497264,0.0553957918,1.133175449,2.955773493,5.59373837
190830_djifc6310s_Aug30_NW2_row_3_range_4_rep_7_isref_0.tif,190830_djifc6310s_Aug30_NW2_row_3_range_4,2279 and 2280,ExG 131,R168,DJI_0133.JPG,11.61470984,29.68610323,0,0.1306792919,0.09324074273,0.1385945455,0.0276105119,0.06791034302,0.05499022152,0.04561512323,1.121016613,3.09752286,6.370801315
190830_djifc6310s_Aug30_NW2_row_3_range_4_rep_7_isref_0.tif,190830_djifc6310s_Aug30_NW2_row_3_range_4,2279 and 2280,Otsu pre,R168,DJI_0133.JPG,11.61470984,34.73005632,0,0.1642578283,0.1178798907,0.1736685516,0.04221303695,0.085487547,0.08405490573,0.06928858832,1.159247287,3.782149942,3.995967254
190830_djifc6310s_Aug30_NW2_row_3_range_4_rep_7_isref_0.tif,190830_djifc6310s_Aug30_NW2_row_3_range_4,2279 and 2280,Otsu post,R168,DJI_0133.JPG,11.61470984,35.40998815,0,0.1686349856,0.1213792989,0.1786022874,0.04427397169,0.08796545225,0.088149994,0.0725656502,1.16476927,3.713862458,3.839091515
190830_djifc6310s_Aug30_NW2_row_3_range_4_rep_7_isref_0.tif,190830_djifc6310s_Aug30_NW2_row_3_range_4,2279 and 2280,Custom,R168,DJI_0133.JPG,11.61470984,29.1916268,0,0.1299060326,0.09173799082,0.1361452323,0.02801945753,0.06680198454,0.05580673884,0.04628337437,1.119620141,3.153929799,6.125398103
190830_djifc6310s_Aug30_NW2_row_3_range_4_rep_8_isref_0.tif,190830_djifc6310s_Aug30_NW2_row_3_range_4,2279 and 2280,ExG 131,R168,DJI_0134.JPG,11.61470984,27.26275117,0,0.1054035512,0.06855251755,0.1043957933,0.01014249301,0.05044849042,0.02026746984,0.017379321,1.08021819,1.969685005,8.778745449
190830_djifc6310s_Aug30_NW2_row_3_range_4_rep_8_isref_0.tif,190830_djifc6310s_Aug30_NW2_row_3_range_4,2279 and 2280,Otsu pre,R168,DJI_0134.JPG,11.61470984,28.13481802,0,0.1141768353,0.07365198718,0.1117901666,0.01365106074,0.05415295816,0.02728039397,0.02338355194,1.088070578,2.958889561,8.710875144
190830_djifc6310s_Aug30_NW2_row_3_range_4_rep_8_isref_0.tif,190830_djifc6310s_Aug30_NW2_row_3_range_4,2279 and 2280,Otsu post,R168,DJI_0134.JPG,11.61470984,28.96734797,0,0.1207850617,0.0773885022,0.1172077915,0.01614123179,0.05685938801,0.0322571582,0.02762723391,1.093822966,4.606164373,7.393630056
190830_djifc6310s_Aug30_NW2_row_3_range_4_rep_8_isref_0.tif,190830_djifc6310s_Aug30_NW2_row_3_range_4,2279 and 2280,Custom,R168,DJI_0134.JPG,11.61470984,26.99270781,0,0.1062883502,0.06770374507,0.1028411742,0.01111793116,0.0498185593,0.02221715417,0.01898524441,1.079857377,2.278294835,8.596492258
190830_djifc6310s_Aug30_NW2_row_3_range_4_rep_9_isref_0.tif,190830_djifc6310s_Aug30_NW2_row_3_range_4,2279 and 2280,ExG 131,R168,DJI_0135.JPG,11.95455985,26.82556683,0,0.1006255587,0.06846401455,0.1047618769,0.00709921721,0.05039284991,0.01418452535,0.0120191077,1.078258091,0.6927601759,9.624313619
190830_djifc6310s_Aug30_NW2_row_3_range_4_rep_9_isref_0.tif,190830_djifc6310s_Aug30_NW2_row_3_range_4,2279 and 2280,Otsu pre,R168,DJI_0135.JPG,11.95455985,27.93437592,0,0.1134835604,0.07594575581,0.115576489,0.01242186316,0.05582332781,0.02482389982,0.02109133383,1.089894074,3.051210121,9.617759449
190830_djifc6310s_Aug30_NW2_row_3_range_4_rep_9_isref_0.tif,190830_djifc6310s_Aug30_NW2_row_3_range_4,2279 and 2280,Otsu post,R168,DJI_0135.JPG,11.95455985,28.63925589,0,0.1196937496,0.079373152,0.1205246638,0.01476577808,0.05830275208,0.02950851139,0.0250604395,1.095214374,4.771803908,8.352740773
190830_djifc6310s_Aug30_NW2_row_3_range_4_rep_9_isref_0.tif,190830_djifc6310s_Aug30_NW2_row_3_range_4,2279 and 2280,Custom,R168,DJI_0135.JPG,11.95455985,26.93970655,0,0.1060581976,0.07017734978,0.1069304159,0.0097521706,0.05162418159,0.01948746369,0.01648204436,1.081788584,1.773290429,9.524316299
190830_djifc6310s_Aug30_NW2_row_3_range_5_rep_10_isref_0.tif,190830_djifc6310s_Aug30_NW2_row_3_range_5,2179 and 2180,ExG 131,NC334,DJI_0132.JPG,11.61470984,31.89925274,0,0.1469816611,0.1151924029,0.1696016065,0.04375258651,0.08365721518,0.08715521229,0.0728911486,1.156609612,2.457767647,4.27204698
190830_djifc6310s_Aug30_NW2_row_3_range_5_rep_10_isref_0.tif,190830_djifc6310s_Aug30_NW2_row_3_range_5,2179 and 2180,Otsu pre,NC334,DJI_0132.JPG,11.61470984,34.63901182,0,0.1705374683,0.1331027967,0.1945154773,0.05677891312,0.09640090087,0.1130801335,0.09426813736,1.185999961,2.512332362,2.521476762
190830_djifc6310s_Aug30_NW2_row_3_range_5_rep_10_isref_0.tif,190830_djifc6310s_Aug30_NW2_row_3_range_5,2179 and 2180,Otsu post,NC334,DJI_0132.JPG,11.61470984,34.95281813,0,0.1726445843,0.1348817706,0.1969824099,0.05788148513,0.09765730919,0.1152690231,0.09599818617,1.188846803,2.452323934,2.452848011
190830_djifc6310s_Aug30_NW2_row_3_range_5_rep_10_isref_0.tif,190830_djifc6310s_Aug30_NW2_row_3_range_5,2179 and 2180,Custom,NC334,DJI_0132.JPG,11.61470984,32.17557583,0,0.1522165297,0.1182726139,0.1737357292,0.04671244586,0.08584782306,0.09305210676,0.07780266774,1.162075165,2.640408623,3.778343051
190830_djifc6310s_Aug30_NW2_row_3_range_5_rep_1_isref_0.tif,190830_djifc6310s_Aug30_NW2_row_3_range_5,2179 and 2180,ExG 131,NC334,DJI_0084.JPG,11.61470984,31.09753992,0,0.1462557691,0.1147648856,0.1686057881,0.04620029594,0.08333589743,0.09201773792,0.07755296745,1.157792261,2.380910272,3.73622475
190830_djifc6310s_Aug30_NW2_row_3_range_5_rep_1_isref_0.tif,190830_djifc6310s_Aug30_NW2_row_3_range_5,2179 and 2180,Otsu pre,NC334,DJI_0084.JPG,11.61470984,33.68243498,0,0.165774186,0.1307604723,0.1909792305,0.05722241102,0.09472317971,0.1139467289,0.09559236146,1.183656542,2.417646684,2.453191298
190830_djifc6310s_Aug30_NW2_row_3_range_5_rep_1_isref_0.tif,190830_djifc6310s_Aug30_NW2_row_3_range_5,2179 and 2180,Otsu post,NC334,DJI_0084.JPG,11.61470984,33.44945449,0,0.1643974151,0.129579811,0.189328346,0.05652580148,0.09388795497,0.1125638605,0.0944976509,1.181793357,2.431803206,2.467204799
190830_djifc6310s_Aug30_NW2_row_3_range_5_rep_1_isref_0.tif,190830_djifc6310s_Aug30_NW2_row_3_range_5,2179 and 2180,Custom,NC334,DJI_0084.JPG,11.61470984,31.13623109,0,0.148996542,0.1162986435,0.1705932312,0.04799749547,0.08442378733,0.09559854906,0.080553336,1.160715777,2.539641583,3.477782376
190830_djifc6310s_Aug30_NW2_row_3_range_5_rep_2_isref_0.tif,190830_djifc6310s_Aug30_NW2_row_3_range_5,2179 and 2180,ExG 131,NC334,DJI_0085.JPG,11.61470984,31.25839418,0,0.1425818489,0.1103642659,0.1629746142,0.04059340707,0.08024094913,0.08089719572,0.06788241673,1.148811336,2.384158761,4.16500592
190830_djifc6310s_Aug30_NW2_row_3_range_5_rep_2_isref_0.tif,190830_djifc6310s_Aug30_NW2_row_3_range_5,2179 and 2180,Otsu pre,NC334,DJI_0085.JPG,11.61470984,33.15080016,0,0.1592141812,0.1234316912,0.1812631028,0.05005454508,0.08956907047,0.09974521452,0.08348884385,1.170054931,2.780798566,2.871255935
190830_djifc6310s_Aug30_NW2_row_3_range_5_rep_2_isref_0.tif,190830_djifc6310s_Aug30_NW2_row_3_range_5,2179 and 2180,Otsu post,NC334,DJI_0085.JPG,11.61470984,33.4533267,0,0.1614765907,0.1253068886,0.1838688637,0.05136945053,0.09089930779,0.1023609181,0.0856251378,1.173123948,2.709641728,2.750905526
190830_djifc6310s_Aug30_NW2_row_3_range_5_rep_2_isref_0.tif,190830_djifc6310s_Aug30_NW2_row_3_range_5,2179 and 2180,Custom,NC334,DJI_0085.JPG,11.61470984,31.29950911,0,0.146078451,0.1123391938,0.1655468115,0.04286376138,0.08164620765,0.08542413471,0.07166174531,1.152514826,2.650277944,3.895038541
190830_djifc6310s_Aug30_NW2_row_3_range_5_rep_3_isref_0.tif,190830_djifc6310s_Aug30_NW2_row_3_range_5,2179 and 2180,ExG 131,NC334,DJI_0086.JPG,11.95455985,28.96173875,0,0.1275370294,0.09945798632,0.1475665192,0.03427830252,0.07253316781,0.06836033086,0.05781490988,1.131548307,2.54895083,4.849549268
190830_djifc6310s_Aug30_NW2_row_3_range_5_rep_3_isref_0.tif,190830_djifc6310s_Aug30_NW2_row_3_range_5,2179 and 2180,Otsu pre,NC334,DJI_0086.JPG,11.95455985,30.16584663,0,0.1396840573,0.1088715268,0.1607999901,0.04141536203,0.0792864724,0.08259327964,0.06977658427,1.14687939,3.36508423,3.448235127
190830_djifc6310s_Aug30_NW2_row_3_range_5_rep_3_isref_0.tif,190830_djifc6310s_Aug30_NW2_row_3_range_5,2179 and 2180,Otsu post,NC334,DJI_0086.JPG,11.95455985,30.46293941,0,0.1419912325,0.1108064943,0.1635309843,0.04273811938,0.08066907858,0.08522856157,0.07196571025,1.149977577,3.182036459,3.23381328
190830_djifc6310s_Aug30_NW2_row_3_range_5_rep_3_isref_0.tif,190830_djifc6310s_Aug30_NW2_row_3_range_5,2179 and 2180,Custom,NC334,DJI_0086.JPG,11.95455985,28.9423964,0,0.1310453057,0.1010430822,0.1495704659,0.03639000628,0.07366156018,0.07257231302,0.06135745641,1.134685993,2.728628769,4.474250572
190830_djifc6310s_Aug30_NW2_row_3_range_5_rep_4_isref_0.tif,190830_djifc6310s_Aug30_NW2_row_3_range_5,2179 and 2180,ExG 131,NC334,DJI_0087.JPG,11.95455985,29.06699938,0,0.1245019578,0.09848958066,0.1466153844,0.03113454698,0.07187588687,0.06211212194,0.05216185031,1.128197002,2.457142729,5.49306883
190830_djifc6310s_Aug30_NW2_row_3_range_5_rep_4_isref_0.tif,190830_djifc6310s_Aug30_NW2_row_3_range_5,2179 and 2180,Otsu pre,NC334,DJI_0087.JPG,11.95455985,30.9039477,0,0.1408442613,0.1115801185,0.1650407248,0.04084725225,0.08126047846,0.08148559981,0.06835273255,1.149403294,3.341302166,3.364253991
190830_djifc6310s_Aug30_NW2_row_3_range_5_rep_4_isref_0.tif,190830_djifc6310s_Aug30_NW2_row_3_range_5,2179 and 2180,Otsu post,NC334,DJI_0087.JPG,11.95455985,30.67481578,0,0.1388970621,0.1099430892,0.1627725584,0.03952083411,0.08009218013,0.07884127278,0.06614466198,1.146656042,3.534651425,3.556800765
190830_djifc6310s_Aug30_NW2_row_3_range_5_rep_4_isref_0.tif,190830_djifc6310s_Aug30_NW2_row_3_range_5,2179 and 2180,Custom,NC334,DJI_0087.JPG,11.95455985,29.17697771,0,0.1285755552,0.1007120266,0.1495771131,0.03349382172,0.07346558317,0.06681975824,0.05610839167,1.132211557,2.883709193,5.009414843
190830_djifc6310s_Aug30_NW2_row_3_range_5_rep_5_isref_0.tif,190830_djifc6310s_Aug30_NW2_row_3_range_5,2179 and 2180,ExG 131,NC334,DJI_0088.JPG,11.95455985,30.72606328,0,0.1334266541,0.1093022884,0.1618311634,0.03855593776,0.07958526796,0.07687047573,0.06443388575,1.145650322,2.642853392,4.581148903
190830_djifc6310s_Aug30_NW2_row_3_range_5_rep_5_isref_0.tif,190830_djifc6310s_Aug30_NW2_row_3_range_5,2179 and 2180,Otsu pre,NC334,DJI_0088.JPG,11.95455985,32.50466666,0,0.1490493422,0.1215754842,0.1789874599,0.04768070214,0.0883581325,0.09505444801,0.07953844974,1.165671986,2.924009481,2.944306201
190830_djifc6310s_Aug30_NW2_row_3_range_5_rep_5_isref_0.tif,190830_djifc6310s_Aug30_NW2_row_3_range_5,2179 and 2180,Otsu post,NC334,DJI_0088.JPG,11.95455985,32.75036771,0,0.1513735633,0.1233593076,0.1814350976,0.04911319542,0.08962572089,0.09790538927,0.08190290393,1.168687662,2.795799694,2.804817084
190830_djifc6310s_Aug30_NW2_row_3_range_5_rep_5_isref_0.tif,190830_djifc6310s_Aug30_NW2_row_3_range_5,2179 and 2180,Custom,NC334,DJI_0088.JPG,11.95455985,30.8951246,0,0.1376664784,0.111706376,0.1650531175,0.040928745,0.08130115721,0.08160114987,0.06838469069,1.149912355,2.84158486,4.137188365
190830_djifc6310s_Aug30_NW2_row_3_range_5_rep_6_isref_0.tif,190830_djifc6310s_Aug30_NW2_row_3_range_5,2179 and 2180,ExG 131,NC334,DJI_0128.JPG,11.95455985,33.76118784,0,0.152279266,0.1240421925,0.1824177193,0.04679516201,0.08997298613,0.09322258291,0.07706222532,1.168794324,2.740012621,3.874029088
190830_djifc6310s_Aug30_NW2_row_3_range_5_rep_6_isref_0.tif,190830_djifc6310s_Aug30_NW2_row_3_range_5,2179 and 2180,Otsu pre,NC334,DJI_0128.JPG,11.95455985,36.01844633,0,0.1696724363,0.1378945303,0.2017217833,0.056448111,0.09981575006,0.1124317749,0.09274745411,1.191321616,2.636914335,2.638250571
190830_djifc6310s_Aug30_NW2_row_3_range_5_rep_6_isref_0.tif,190830_djifc6310s_Aug30_NW2_row_3_range_5,2179 and 2180,Otsu post,NC334,DJI_0128.JPG,11.95455985,36.25329726,0,0.1712641361,0.1391515615,0.203465114,0.05723227151,0.1007019331,0.1139880472,0.09397989583,1.193347139,2.596502942,2.596502942
190830_djifc6310s_Aug30_NW2_row_3_range_5_rep_6_isref_0.tif,190830_djifc6310s_Aug30_NW2_row_3_range_5,2179 and 2180,Custom,NC334,DJI_0128.JPG,11.95455985,33.99628986,0,0.1556852842,0.1261398359,0.1852670705,0.04860384285,0.09146370519,0.09682528858,0.08002924366,1.172397521,2.839378398,3.568731654
190830_djifc6310s_Aug30_NW2_row_3_range_5_rep_7_isref_0.tif,190830_djifc6310s_Aug30_NW2_row_3_range_5,2179 and 2180,ExG 131,NC334,DJI_0129.JPG,11.95455985,32.31021476,0,0.1401675266,0.1123548013,0.1666417157,0.03701212833,0.08173802042,0.07380878296,0.06100603294,1.148349187,2.712315029,4.857281043
190830_djifc6310s_Aug30_NW2_row_3_range_5_rep_7_isref_0.tif,190830_djifc6310s_Aug30_NW2_row_3_range_5,2179 and 2180,Otsu pre,NC334,DJI_0129.JPG,11.95455985,34.70162373,0,0.1597455462,0.1278009354,0.1882542615,0.04799360154,0.09275058847,0.09569458825,0.07896114142,1.173364842,3.005500691,3.010060822
190830_djifc6310s_Aug30_NW2_row_3_range_5_rep_7_isref_0.tif,190830_djifc6310s_Aug30_NW2_row_3_range_5,2179 and 2180,Otsu post,NC334,DJI_0129.JPG,11.95455985,34.35273616,0,0.1573663434,0.1258014156,0.1854627735,0.04665631082,0.09133244518,0.09303292416,0.07680777055,1.170134752,3.097412117,3.105855421
190830_djifc6310s_Aug30_NW2_row_3_range_5_rep_7_isref_0.tif,190830_djifc6310s_Aug30_NW2_row_3_range_5,2179 and 2180,Custom,NC334,DJI_0129.JPG,11.95455985,32.62806577,0,0.1446866676,0.1150356619,0.1703129319,0.03926033905,0.08365038517,0.07829203602,0.06469783005,1.152869807,2.898890235,4.398884871
190830_djifc6310s_Aug30_NW2_row_3_range_5_rep_8_isref_1.tif,190830_djifc6310s_Aug30_NW2_row_3_range_5,2179 and 2180,ExG 131,NC334,DJI_0130.JPG,11.95455985,31.40735207,1,0.1378278398,0.108794357,0.1611611876,0.03718348496,0.07916656238,0.0741268306,0.06181008391,1.144510208,2.63513911,4.78519864
190830_djifc6310s_Aug30_NW2_row_3_range_5_rep_8_isref_1.tif,190830_djifc6310s_Aug30_NW2_row_3_range_5,2179 and 2180,Otsu pre,NC334,DJI_0130.JPG,11.95455985,33.13343369,1,0.1551190496,0.1218667981,0.1793608083,0.04717507145,0.08850275971,0.09404058506,0.07833743831,1.166030211,3.022185056,3.105024482
190830_djifc6310s_Aug30_NW2_row_3_range_5_rep_8_isref_1.tif,190830_djifc6310s_Aug30_NW2_row_3_range_5,2179 and 2180,Otsu post,NC334,DJI_0130.JPG,11.95455985,33.45634992,1,0.1578937119,0.1241254046,0.1824896752,0.04886462064,0.09010719054,0.09740347991,0.08111261353,1.169779784,2.906702209,2.932311096
190830_djifc6310s_Aug30_NW2_row_3_range_5_rep_8_isref_1.tif,190830_djifc6310s_Aug30_NW2_row_3_range_5,2179 and 2180,Custom,NC334,DJI_0130.JPG,11.95455985,31.53460437,1,0.1428097575,0.1113586309,0.1645299188,0.03991904481,0.08099343101,0.07958111052,0.06634708214,1.149179287,2.822608191,4.315877533
190830_djifc6310s_Aug30_NW2_row_3_range_5_rep_9_isref_0.tif,190830_djifc6310s_Aug30_NW2_row_3_range_5,2179 and 2180,ExG 131,NC334,DJI_0131.JPG,11.61470984,31.25243003,0,0.1427425547,0.1091395688,0.1612824759,0.03927100741,0.07938934044,0.07827120617,0.06556015084,1.146363519,2.360307918,4.520075101
190830_djifc6310s_Aug30_NW2_row_3_range_5_rep_9_isref_0.tif,190830_djifc6310s_Aug30_NW2_row_3_range_5,2179 and 2180,Otsu pre,NC334,DJI_0131.JPG,11.61470984,33.60978039,0,0.1649207204,0.125521775,0.1841412263,0.05145966111,0.09108061589,0.1025534656,0.08570917367,1.173212044,2.706149636,2.737874864
190830_djifc6310s_Aug30_NW2_row_3_range_5_rep_9_isref_0.tif,190830_djifc6310s_Aug30_NW2_row_3_range_5,2179 and 2180,Otsu post,NC334,DJI_0131.JPG,11.61470984,33.4849167,0,0.1640333708,0.1248478617,0.1832018225,0.05103444113,0.09060277098,0.1017079772,0.08503352507,1.172139638,2.718487834,2.750608966
190830_djifc6310s_Aug30_NW2_row_3_range_5_rep_9_isref_0.tif,190830_djifc6310s_Aug30_NW2_row_3_range_5,2179 and 2180,Custom,NC334,DJI_0131.JPG,11.61470984,31.44561803,0,0.1479934474,0.1120283719,0.1651214954,0.04226244169,0.08144744271,0.08423548542,0.07053464043,1.151584136,2.615531368,4.090911102
